,Sample1,Sample2,Sample3,Sample4,Sample5
HER2,37.454011884736246,95.07143064099162,73.1993941811405,59.86584841970366,15.601864044243651
PIK3CA,15.599452033620265,5.8083612168199465,86.61761457749351,60.11150117432088,70.80725777960456
BRAF,2.0584494295802447,96.99098521619943,83.24426408004217,21.233911067827616,18.182496720710063
IL6,18.34045098534338,30.42422429595377,52.475643163223786,43.194501864211574,29.122914019804192
